group,anc4,sab,n_countries,tot_pop_2022
Off-track,46.8039654376623,57.4777112589886,59,1720090941
On-track,50.7643543572387,65.7936431342064,141,6179706773
